{"accuracy": 0.9887166619300842, "loss": 0.04133472964167595, "time_real": 40.26956081390381, "time_process": 79.99345863799999}